Fund Name,P1,P2,P3,P4,P5,Topsis Score,Rank
M1,0.82,0.67,4.2,68.5,18.55,0.41178452608537847,7
M2,0.92,0.85,6.3,36.0,11.02,0.6128110346279971,3
M3,0.85,0.72,3.1,32.3,9.24,0.8641523734526733,1
M4,0.92,0.85,5.0,47.8,13.64,0.6309784843956382,2
M5,0.62,0.38,6.4,69.4,19.2,0.0,8
M6,0.89,0.79,3.2,68.4,18.32,0.5211033618663393,5
M7,0.66,0.44,3.3,48.9,13.33,0.524656420165267,4
M8,0.89,0.79,4.7,62.2,17.15,0.48752631774827265,6
